batter,Runs,Balls,StrikeRate
AD Russell,2488,1515,164.22442244224422
H Klaasen,993,613,161.99021207177816
SP Narine,1534,984,155.8943089430894
N Pooran,1769,1143,154.7681539807524
LS Livingstone,939,609,154.1871921182266
GJ Maxwell,2772,1842,150.4885993485342
RM Patidar,799,534,149.625468164794
Abhishek Sharma,1377,925,148.86486486486484
V Sehwag,2728,1833,148.82705946535734
AB de Villiers,5181,3487,148.58044164037855
